customer_id,total_transactions,total_amount
101,8,1660.78
107,9,2602.0200000000004
110,6,1425.1899999999998
100,11,2669.4
104,10,2975.07
102,11,3042.25
103,9,2705.21
108,5,1281.05
106,10,2818.4
105,7,2500.62
109,8,1551.0400000000002
